[{"_allAttributes":null,"_properties":null,"_methods":null,"file":"/Users/luisperez/Desktop/PJ/Portfolio and asset management/project VSC/pv18/force-app/main/default/lwc/assetPrice/assetPrice.js","metadata":{"decorators":[{"type":"track","targets":[{"name":"dateTimeValue","type":"property"}]}],"declarationLoc":{"start":{"line":15,"column":0},"end":{"line":121,"column":1}},"classMembers":[{"type":"property","name":"quantity","loc":{"start":{"line":17,"column":4},"end":{"line":17,"column":18}}},{"type":"property","name":"price","loc":{"start":{"line":18,"column":4},"end":{"line":18,"column":15}}},{"type":"property","name":"silverPerformance","loc":{"start":{"line":19,"column":4},"end":{"line":19,"column":27}}},{"type":"property","name":"profitPercent","loc":{"start":{"line":20,"column":4},"end":{"line":20,"column":18}}},{"type":"property","name":"profitAmount","loc":{"start":{"line":21,"column":4},"end":{"line":21,"column":17}}},{"type":"property","name":"dateTimeValue","loc":{"start":{"line":40,"column":4},"end":{"line":40,"column":25}},"decorator":"track"},{"type":"method","name":"expenseAmount","loc":{"start":{"line":41,"column":4},"end":{"line":56,"column":5}}},{"type":"method","name":"today","loc":{"start":{"line":59,"column":4},"end":{"line":62,"column":5}}},{"type":"property","name":"type","loc":{"start":{"line":81,"column":0},"end":{"line":81,"column":16}}},{"type":"method","name":"connectedCallback","loc":{"start":{"line":84,"column":0},"end":{"line":116,"column":1}}}],"exports":[{"type":"ExportDefaultDeclaration"}]},"updatedAt":"2021-09-03T14:18:08.641Z"},{"_allAttributes":null,"_properties":null,"_methods":null,"file":"/Users/luisperez/Desktop/PJ/Portfolio and asset management/project VSC/pv18/force-app/main/default/lwc/cryptoWidget/cryptoWidget.js","metadata":{"decorators":[],"declarationLoc":{"start":{"line":6,"column":0},"end":{"line":46,"column":1}},"classMembers":[{"type":"property","name":"quantity","loc":{"start":{"line":7,"column":4},"end":{"line":7,"column":18}}},{"type":"property","name":"price","loc":{"start":{"line":8,"column":4},"end":{"line":8,"column":15}}},{"type":"property","name":"type","loc":{"start":{"line":9,"column":4},"end":{"line":9,"column":20}}},{"type":"property","name":"profitPercent","loc":{"start":{"line":10,"column":4},"end":{"line":10,"column":18}}},{"type":"property","name":"profitAmount","loc":{"start":{"line":11,"column":4},"end":{"line":11,"column":17}}},{"type":"method","name":"connectedCallback","loc":{"start":{"line":14,"column":4},"end":{"line":44,"column":5}}}],"exports":[{"type":"ExportDefaultDeclaration"}]},"updatedAt":"2021-09-03T14:18:08.641Z"},{"_allAttributes":null,"_properties":null,"_methods":null,"file":"/Users/luisperez/Desktop/PJ/Portfolio and asset management/project VSC/pv18/force-app/main/default/lwc/frbWidget/frbWidget.js","metadata":{"decorators":[],"declarationLoc":{"start":{"line":9,"column":0},"end":{"line":33,"column":1}},"classMembers":[{"type":"property","name":"total","loc":{"start":{"line":10,"column":4},"end":{"line":10,"column":15}}},{"type":"property","name":"nearestEndDate","loc":{"start":{"line":11,"column":4},"end":{"line":11,"column":19}}},{"type":"property","name":"type","loc":{"start":{"line":13,"column":4},"end":{"line":13,"column":30}}},{"type":"method","name":"connectedCallback","loc":{"start":{"line":15,"column":4},"end":{"line":32,"column":5}}}],"exports":[{"type":"ExportDefaultDeclaration"}]},"updatedAt":"2021-09-03T14:18:08.639Z"},{"_allAttributes":null,"_properties":null,"_methods":null,"file":"/Users/luisperez/Desktop/PJ/Portfolio and asset management/project VSC/pv18/force-app/main/default/lwc/iFrame/iFrame.js","metadata":{"decorators":[{"type":"api","targets":[{"type":"property","name":"url","value":{"type":"unresolved"}}]}],"declarationLoc":{"start":{"line":3,"column":0},"end":{"line":37,"column":1}},"classMembers":[{"type":"property","name":"url","loc":{"start":{"line":5,"column":4},"end":{"line":5,"column":13}},"decorator":"api","value":{"type":"unresolved"}},{"type":"property","name":"loading","loc":{"start":{"line":6,"column":4},"end":{"line":6,"column":20}}},{"type":"method","name":"connectedCallback","loc":{"start":{"line":11,"column":4},"end":{"line":13,"column":5}},"doc":"*\n     * show loading spinner while iFrame content loads"},{"type":"method","name":"renderedCallback","loc":{"start":{"line":18,"column":4},"end":{"line":35,"column":5}},"doc":"*\n     * create iFrame and add to DOM"}],"exports":[{"type":"ExportDefaultDeclaration"}]},"updatedAt":"2021-09-03T14:18:08.640Z"},{"_allAttributes":null,"_properties":null,"_methods":null,"file":"/Users/luisperez/Desktop/PJ/Portfolio and asset management/project VSC/pv18/force-app/main/default/lwc/listOfBonds/listOfBonds.js","metadata":{"decorators":[],"declarationLoc":{"start":{"line":19,"column":0},"end":{"line":22,"column":1}},"classMembers":[{"type":"property","name":"type","loc":{"start":{"line":20,"column":4},"end":{"line":20,"column":30}}},{"type":"property","name":"columns","loc":{"start":{"line":21,"column":4},"end":{"line":21,"column":22}}}],"exports":[{"type":"ExportDefaultDeclaration"}]},"updatedAt":"2021-09-03T14:18:08.633Z"},{"_allAttributes":null,"_properties":null,"_methods":null,"file":"/Users/luisperez/Desktop/PJ/Portfolio and asset management/project VSC/pv18/force-app/main/default/lwc/listOfCrypto/listOfCrypto.js","metadata":{"decorators":[],"declarationLoc":{"start":{"line":3,"column":0},"end":{"line":5,"column":1}},"classMembers":[{"type":"property","name":"recordType","loc":{"start":{"line":4,"column":4},"end":{"line":4,"column":26}}}],"exports":[{"type":"ExportDefaultDeclaration"}]},"updatedAt":"2021-09-03T14:18:08.639Z"},{"_allAttributes":null,"_properties":null,"_methods":null,"file":"/Users/luisperez/Desktop/PJ/Portfolio and asset management/project VSC/pv18/force-app/main/default/lwc/listOfPreciousMetals/listOfPreciousMetals.js","metadata":{"decorators":[],"declarationLoc":{"start":{"line":3,"column":0},"end":{"line":3,"column":69}},"classMembers":[],"exports":[{"type":"ExportDefaultDeclaration"}]},"updatedAt":"2021-09-03T14:18:08.642Z"},{"_allAttributes":null,"_properties":null,"_methods":null,"file":"/Users/luisperez/Desktop/PJ/Portfolio and asset management/project VSC/pv18/force-app/main/default/lwc/listOfRecentRecords/listOfRecentRecords.js","metadata":{"decorators":[{"type":"wire","targets":[{"name":"wiredRecords","adapter":{"name":"getRecentRecords","reference":"@salesforce/apex/AssetRecords.getRecentRecords"},"type":"method","static":{},"params":{"types":"recordTypesSelected"}}]},{"type":"track","targets":[{"name":"records","type":"property"},{"name":"error","type":"property"}]}],"declarationLoc":{"start":{"line":20,"column":0},"end":{"line":65,"column":1}},"classMembers":[{"type":"property","name":"columns","loc":{"start":{"line":22,"column":4},"end":{"line":22,"column":22}}},{"type":"property","name":"recordTypesSelected","loc":{"start":{"line":23,"column":4},"end":{"line":23,"column":29}}},{"type":"property","name":"mapRecordTypesAvailable","loc":{"start":{"line":24,"column":4},"end":{"line":24,"column":28}}},{"type":"property","name":"records","loc":{"start":{"line":25,"column":4},"end":{"line":25,"column":24}},"decorator":"track"},{"type":"property","name":"error","loc":{"start":{"line":26,"column":4},"end":{"line":26,"column":17}},"decorator":"track"},{"type":"method","name":"connectedCallback","loc":{"start":{"line":28,"column":4},"end":{"line":41,"column":5}}},{"type":"method","name":"wiredRecords","loc":{"start":{"line":43,"column":4},"end":{"line":58,"column":5}},"decorator":"wire"},{"type":"method","name":"handleChange","loc":{"start":{"line":60,"column":4},"end":{"line":62,"column":5}}}],"exports":[{"type":"ExportDefaultDeclaration"}]},"updatedAt":"2021-09-03T14:18:08.643Z"},{"_allAttributes":null,"_properties":null,"_methods":null,"file":"/Users/luisperez/Desktop/PJ/Portfolio and asset management/project VSC/pv18/force-app/main/default/lwc/listOfReords/listOfReords.js","metadata":{"decorators":[{"type":"api","targets":[{"type":"property","name":"columns","value":{"type":"unresolved"}},{"type":"property","name":"recordtypesselected","value":{"type":"unresolved"}}]},{"type":"wire","targets":[{"name":"wiredRecordTypes","adapter":{"name":"getRecordTypeIdByName","reference":"@salesforce/apex/AssetRecords.getRecordTypeIdByName"},"type":"method","static":{},"params":{"Name":"recordtypesselected"}},{"name":"wiredRecords","adapter":{"name":"getRecentRecords","reference":"@salesforce/apex/AssetRecords.getRecentRecords"},"type":"method","static":{},"params":{"types":"recordtypesselected"}}]},{"type":"track","targets":[{"name":"records","type":"property"},{"name":"error","type":"property"}]}],"declarationLoc":{"start":{"line":19,"column":0},"end":{"line":58,"column":1}},"classMembers":[{"type":"property","name":"recordTypeID","loc":{"start":{"line":21,"column":4},"end":{"line":21,"column":17}}},{"type":"property","name":"columns","loc":{"start":{"line":22,"column":4},"end":{"line":22,"column":27}},"decorator":"api","value":{"type":"unresolved"}},{"type":"property","name":"recordtypesselected","loc":{"start":{"line":23,"column":4},"end":{"line":23,"column":29}},"decorator":"api","value":{"type":"unresolved"}},{"type":"property","name":"records","loc":{"start":{"line":24,"column":4},"end":{"line":24,"column":24}},"decorator":"track"},{"type":"property","name":"error","loc":{"start":{"line":25,"column":4},"end":{"line":25,"column":17}},"decorator":"track"},{"type":"method","name":"wiredRecordTypes","loc":{"start":{"line":27,"column":4},"end":{"line":38,"column":5}},"decorator":"wire"},{"type":"method","name":"wiredRecords","loc":{"start":{"line":39,"column":4},"end":{"line":57,"column":5}},"decorator":"wire"}],"exports":[{"type":"ExportDefaultDeclaration"}]},"updatedAt":"2021-09-03T14:18:08.629Z"},{"_allAttributes":null,"_properties":null,"_methods":null,"file":"/Users/luisperez/Desktop/PJ/Portfolio and asset management/project VSC/pv18/force-app/main/default/lwc/newRecordButton/newRecordButton.js","metadata":{"decorators":[{"type":"api","targets":[{"type":"property","name":"recordtypeid","value":{"type":"unresolved"}}]}],"exports":[{"type":"ExportDefaultDeclaration"}]},"updatedAt":"2021-09-03T14:18:08.643Z"},{"_allAttributes":null,"_properties":null,"_methods":null,"file":"/Users/luisperez/Desktop/PJ/Portfolio and asset management/project VSC/pv18/force-app/main/default/lwc/performanceCryptoWidget/performanceCryptoWidget.js","metadata":{"decorators":[],"declarationLoc":{"start":{"line":4,"column":0},"end":{"line":37,"column":1}},"classMembers":[{"type":"property","name":"cryptoPerformance","loc":{"start":{"line":5,"column":4},"end":{"line":5,"column":27}}},{"type":"property","name":"profitPercent","loc":{"start":{"line":6,"column":4},"end":{"line":6,"column":18}}},{"type":"property","name":"totalOriginalAmount","loc":{"start":{"line":7,"column":4},"end":{"line":7,"column":29}}},{"type":"property","name":"totalWithProfitAmount","loc":{"start":{"line":8,"column":4},"end":{"line":8,"column":26}}},{"type":"property","name":"isPositive","loc":{"start":{"line":9,"column":4},"end":{"line":9,"column":22}}},{"type":"property","name":"type","loc":{"start":{"line":11,"column":4},"end":{"line":11,"column":25}}},{"type":"method","name":"connectedCallback","loc":{"start":{"line":13,"column":4},"end":{"line":25,"column":5}}},{"type":"method","name":"renderedCallback","loc":{"start":{"line":27,"column":4},"end":{"line":36,"column":5}}}],"exports":[{"type":"ExportDefaultDeclaration"}]},"updatedAt":"2021-09-03T14:18:08.638Z"},{"_allAttributes":null,"_properties":null,"_methods":null,"file":"/Users/luisperez/Desktop/PJ/Portfolio and asset management/project VSC/pv18/force-app/main/default/lwc/performanceFrbWidget/performanceFrbWidget.js","metadata":{"decorators":[],"declarationLoc":{"start":{"line":7,"column":0},"end":{"line":42,"column":1}},"classMembers":[{"type":"property","name":"total","loc":{"start":{"line":8,"column":4},"end":{"line":8,"column":15}}},{"type":"property","name":"nearestEndDate","loc":{"start":{"line":9,"column":4},"end":{"line":9,"column":19}}},{"type":"property","name":"FrbTotalGain","loc":{"start":{"line":10,"column":4},"end":{"line":10,"column":22}}},{"type":"property","name":"type","loc":{"start":{"line":11,"column":4},"end":{"line":11,"column":30}}},{"type":"method","name":"connectedCallback","loc":{"start":{"line":13,"column":4},"end":{"line":39,"column":5}}}],"exports":[{"type":"ExportDefaultDeclaration"}]},"updatedAt":"2021-09-03T14:18:08.644Z"},{"_allAttributes":null,"_properties":null,"_methods":null,"file":"/Users/luisperez/Desktop/PJ/Portfolio and asset management/project VSC/pv18/force-app/main/default/lwc/performancePmWidget/performancePmWidget.js","metadata":{"decorators":[],"declarationLoc":{"start":{"line":9,"column":0},"end":{"line":53,"column":1}},"classMembers":[{"type":"property","name":"quantity","loc":{"start":{"line":10,"column":4},"end":{"line":10,"column":18}}},{"type":"property","name":"silverPerformance","loc":{"start":{"line":11,"column":4},"end":{"line":11,"column":27}}},{"type":"property","name":"profitPercent","loc":{"start":{"line":12,"column":4},"end":{"line":12,"column":18}}},{"type":"property","name":"totalOriginalAmount","loc":{"start":{"line":13,"column":4},"end":{"line":13,"column":29}}},{"type":"property","name":"totalWithProfitAmount","loc":{"start":{"line":14,"column":4},"end":{"line":14,"column":26}}},{"type":"property","name":"isPositive","loc":{"start":{"line":15,"column":4},"end":{"line":15,"column":22}}},{"type":"property","name":"type","loc":{"start":{"line":17,"column":4},"end":{"line":17,"column":25}}},{"type":"method","name":"connectedCallback","loc":{"start":{"line":19,"column":4},"end":{"line":41,"column":5}}},{"type":"method","name":"renderedCallback","loc":{"start":{"line":43,"column":4},"end":{"line":52,"column":5}}}],"exports":[{"type":"ExportDefaultDeclaration"}]},"updatedAt":"2021-09-03T14:18:08.637Z"},{"_allAttributes":null,"_properties":null,"_methods":null,"file":"/Users/luisperez/Desktop/PJ/Portfolio and asset management/project VSC/pv18/force-app/main/default/lwc/projectCommentViewModal/projectCommentViewModal.js","metadata":{"decorators":[{"type":"track","targets":[{"name":"isCommentOpen","type":"property"}]}],"declarationLoc":{"start":{"line":3,"column":0},"end":{"line":14,"column":1}},"classMembers":[{"type":"property","name":"isCommentOpen","loc":{"start":{"line":4,"column":4},"end":{"line":4,"column":33}},"decorator":"track"},{"type":"method","name":"openComment","loc":{"start":{"line":6,"column":4},"end":{"line":9,"column":5}}},{"type":"method","name":"closeComment","loc":{"start":{"line":11,"column":4},"end":{"line":13,"column":5}}}],"exports":[{"type":"ExportDefaultDeclaration"}]},"updatedAt":"2021-09-03T14:18:08.635Z"},{"_allAttributes":null,"_properties":null,"_methods":null,"file":"/Users/luisperez/Desktop/PJ/Portfolio and asset management/project VSC/pv18/force-app/main/default/lwc/welcomeComponent/welcomeComponent.js","metadata":{"decorators":[{"type":"wire","targets":[{"name":"wireuser","adapter":{"name":"getRecord","reference":"lightning/uiRecordApi"},"type":"method","static":{"recordId":{"value":"@salesforce/user/Id","type":"module"},"fields":{"type":"unresolved","value":"array_expression"}},"params":{}}]},{"type":"track","targets":[{"name":"error","type":"property"},{"name":"name","type":"property"}]}],"declarationLoc":{"start":{"line":8,"column":0},"end":{"line":24,"column":1}},"classMembers":[{"type":"property","name":"error","loc":{"start":{"line":9,"column":4},"end":{"line":9,"column":18}},"decorator":"track"},{"type":"property","name":"name","loc":{"start":{"line":10,"column":4},"end":{"line":10,"column":16}},"decorator":"track"},{"type":"method","name":"wireuser","loc":{"start":{"line":11,"column":4},"end":{"line":23,"column":5}},"decorator":"wire"}],"exports":[{"type":"ExportDefaultDeclaration"}]},"updatedAt":"2021-09-03T14:18:08.634Z"}]