<?xml version="1.0" encoding="UTF-8"?>
<LightningComponentBundle xmlns="http://soap.sforce.com/2006/04/metadata">
    <apiVersion>49.0</apiVersion>
    <description>create an iFrame with loading spinner</description>
    <isExposed>true</isExposed>
    <masterLabel>iFrame</masterLabel>
    <targets>
        <target>lightning__RecordPage</target>
        <target>lightning__AppPage</target>
        <target>lightning__HomePage</target>
        <target>lightningCommunity__Page</target>
        <target>lightningCommunity__Default</target>
    </targets>
    <targetConfigs>
        <targetConfig targets="lightning__AppPage, lightning__HomePage, lightningCommunity__Default">
            <property name="url" type="String" label="URL" description="Enter the URL to load into the iFrame" default="https://brave-bear-aj6wft-dev-ed--c.visualforce.com/apex/TVWidget" />
        </targetConfig>
    </targetConfigs>
</LightningComponentBundle>